Model,Accuracy,Precision,Recall,F1 Score
Logistic Regression,0.9973297730307076,1.0,0.9929824561403509,0.9964788732394366
Random Forest,0.9959946595460614,1.0,0.9894736842105263,0.9947089947089947
